{
  "controller/App.controller.js": 1717683201431,
  "manifest.json": 1717690225538,
  "controller/MediaView.controller.js": 1717683661843,
  "i18n/i18n.properties": 1717683216471,
  "model/models.js": 1717683201428,
  "Component.js": 1717683201419,
  "model/models-dbg.js": 1717683201428,
  "model/models.js.map": 1717690225650,
  "controller/App-dbg.controller.js": 1717683201431,
  "controller/App.controller.js.map": 1717690225649,
  "controller/MediaView-dbg.controller.js": 1717683661843,
  "controller/MediaView.controller.js.map": 1717690225669,
  "Component-dbg.js": 1717683201419,
  "Component.js.map": 1717690225652,
  "Component-preload.js": 1717690225760,
  "Component-preload.js.map": 1717690225760,
  "view/MediaView.view.xml": 1717683514251,
  "view/App.view.xml": 1717683201436,
  "css/style.css": 1717683201436,
  "index.html": 1717683201419
}